﻿<?xml version="1.0" encoding="UTF-8"?>
<addon id="kontext_menu" name="Kontext Menu" version="1.0.0" provider-name="Tomas">
    <requires>
        <import addon="xbmc.python" version="3.0.0"/>
        <import addon="script.module.requests"/>
    </requires>

    <extension point="xbmc.python.module" library="default.py"/>

    <extension point="xbmc.addon.metadata">
        <summary lang="cs">Kontextové menu pro Tshare</summary>
        <description lang="cs">Přidává volbu Vyhledat celý seriál do kontextového menu.</description>
        <assets>
            <icon>icon.jpg</icon>
            <fanart>fanart.jpg</fanart>
        </assets>
    </extension>
</addon>
