﻿<?xml version="1.0" encoding="UTF-8"?>
<addon id="kontext_menu" name="Kontext Menu" version="1.0.0" provider-name="Tomas" type="xbmc.python.script">
    <requires>
        <import addon="xbmc.python" version="2.26.0"/>
        <import addon="script.module.requests"/>
    </requires>

    <extension point="xbmc.python.script" library="default.py">
        <provides>executable</provides>
    </extension>

    <extension point="xbmc.addon.metadata">
        <summary lang="cs">Kontextové menu pro Tshare</summary>
        <description lang="cs">Přidává volbu Vyhledat celý seriál do kontextového menu.</description>
        <assets>
            <icon>icon.jpg</icon>
        </assets>
    </extension>
</addon>
