﻿<?xml version="1.0" encoding="UTF-8"?>
<addon id="kontext_menu" name="Tshare" version="1.0.0" provider-name="Tomas for friends">
    <requires>
        <import addon="xbmc.python" version="1.0.0" />
        <import addon="script.module.requests" />
    </requires>
    <extension point="xbmc.python.module">
        <menu id="kodi.core.main">
            <item library="default.py">
                <label>[COLOR lightskyblue]Vyhledat celý seriál[/COLOR]</label>
                <item_url>RunPlugin(plugin://plugin.video.tshare/?action=direct_search&amp;what=$INFO[ListItem.Title])</item_url>
                <visible>String.IsEqual(ListItem.dbtype,tvshow) | Container.Content(tvshows)</visible>
            </item>
        </menu>
    </extension>
	  <extension point="xbmc.addon.metadata">
        <summary lang="cs">Kontext_menu</summary>
        <description lang="cs">Vyhledávání celého seriálů v kontext menu</description>
        <assets>
            <icon>icon.jpg</icon>
        </assets>
    </extension>
</addon>